metric,old_model,new_model,
accuracy,0.986020969,0.99550674,
precision,0.962616822,0.99543379,
recall,0.911504425,0.96460177,
f1,0.936363636,0.979775281,
,,,
,,,
,,,
,,,
,,,
,,,
,,,
,,,
,,,
,,,
,,,
,,,
,,,
,,,
