metric,old_model,new_model
accuracy,0.9860209685471792,0.9955067398901648
precision,0.9626168224299065,0.9954337899543378
recall,0.911504424778761,0.9646017699115044
f1,0.9363636363636364,0.9797752808988764
